2024-12-5;2037;2037;173;weighted_obj;non-cover_mode;non-cover_mode_n2;null;null;CPLEX;EXACT_CPMP_POSTOPT;2430804095.384914875030518;18029.000000000000000;0;null;null;550;
2024-12-5;2037;2037;135;weighted_obj;non-cover_mode;non-cover_mode_n2;null;null;CPLEX;EXACT_CPMP_POSTOPT;2818087560.488358020782471;18033.000000000000000;0;null;null;474;
2024-12-5;2037;2037;192;weighted_obj;non-cover_mode;non-cover_mode_n2;null;null;CPLEX;EXACT_CPMP_POSTOPT;2294148576.499692440032959;18027.000000000000000;0;null;null;588;
2024-12-5;2037;2037;212;weighted_obj;non-cover_mode;non-cover_mode_n2;null;null;CPLEX;EXACT_CPMP_POSTOPT;2170633904.229040622711182;18026.000000000000000;0;null;null;628;
